Threshold,Precision,Recall,F1
0.1,0.1312803889789303,0.8526315789473684,0.22752808988764045
0.2,0.37264150943396224,0.8315789473684211,0.5146579804560261
0.3,0.6062992125984252,0.8105263157894737,0.6936936936936937
0.4,0.7238095238095238,0.8,0.76
0.5,0.8111111111111111,0.7684210526315789,0.7891891891891892
0.6,0.8658536585365854,0.7473684210526316,0.8022598870056498
0.7,0.9090909090909091,0.7368421052631579,0.813953488372093
0.8,0.9565217391304348,0.6947368421052632,0.8048780487804879
0.9,0.9838709677419355,0.6421052631578947,0.7770700636942676
